{"Info/learning_rate": 0.001, "trainer/global_step": 51200, "_timestamp": 1711336368.2274308, "_runtime": 69.94559693336487, "_step": 329, "Info/clip_coef": 0.2, "Info/ent_coef": 0.0, "Rewards/rew_avg": 500.0, "Game/ep_len_avg": 500.0, "Loss/value_loss": 0.011767207644879818, "Loss/policy_loss": -0.02331249974668026, "Loss/entropy_loss": -0.22541168332099915, "Time/sps_train": 6.424137075696321, "Time/sps_env_interaction": 6898.951826798528, "_wandb": {"runtime": 68}}